controlled_tag_draft,count
canonical-gospels,1010
historical-jesus,985
faith-doubt-belief,767
book-discussion,734
personal-autobiographical,686
reader-questions,615
paul-and-letters,512
hebrew-bible-judaism,512
blog-community,502
early-christianity,486
textual-criticism,410
teaching-scholarship,390
debates-and-critics,316
church-history,304
christian-apocrypha,290
canon-and-scripture,286
acts-and-revelation,247
christology,244
historical-method,236
authorship-forgery,220
afterlife,200
media-video,189
greco-roman-world,153
heresy-orthodoxy,151
spread-of-christianity,110
resurrection,109
women-gender-sexuality,99
memory-oral-tradition,91
suffering-and-evil,75
news-current-events,74
translation,69
mythicism,65
miracles,33
martyrdom-persecution,25
archaeology-material-culture,9
