tag,count
platinum,260
historical-jesus,135
paul,123
gold,102
textual-criticism,94
how-jesus-became-god,60
gospel-of-luke,56
resurrection,52
jesus,51
the-historical-jesus,51
gospel-of-mark,48
mythicism,44
suffering,40
afterlife,39
gospel-of-john,38
theodicy,37
apocalypticism,35
christology,31
forgery,30
matthew,30
original-new-testament,29
mythicists,27
bruce-metzger,27
memory,24
craig-evans,23
fundamentalism,23
crucifixion,21
acts,21
messiah,21
triumph-of-christianity,20
authorship,19
nrsv,19
gospel-of-matthew,18
revelation,18
pedagogy,17
mark,17
canonical-gospels,17
textual-variants,16
apostolic-fathers,16
historical-criticism,16
job,16
luke,16
historicity,16
rise-of-christianity,16
philippians,15
hell,15
jesus-before-the-gospels,15
forgery-and-counterforgery,15
christmas,14
biblical-translation,14
biblical-discrepancies,14
life-of-brian,13
scribal-tendencies,13
roman-empire,13
virgin-birth,13
agnosticism,13
biblical-inerrancy,13
dan-wallace,13
scribal-activity,13
reza-aslan,13
professional-scholarship,12
gnosticism,12
q,12
women-in-the-church,12
oral-traditions,12
hebrew-bible,12
textbook,12
zealot,12
new-testament,11
gospel-of-jesus-wife,11
burial,11
king-james-bible,11
papias,11
adoptionist-christology,11
christian-apocrypha,11
constantine,11
debate,11
original-text,10
manuscripts,10
early-christianity,10
dead-sea-scrolls,10
christianity,10
nazareth,10
heaven,10
jewish-apocalypticism,10
deconversion,10
marcion,10
ben-witherington,10
history,10
misquoting-jesus,10
trade-books,10
bloody-sweat,10
new-testament-canon,9
early-judaism,9
synoptic-problem,9
gospel-of-peter,9
birth-narratives,9
heresy,9
moody-bible-institute,9
karen-king,9
orthodoxy,9
anti-judaism,9
conversion,9
gospel-of-judas,9
textbooks,8
pontius-pilate,8
docetism,8
redaction-criticism,8
loeb-classical-library,8
canonization,8
robert-price,8
genesis,8
richard-carrier,7
judas,7
smithsonian,7
proto-gospel-of-james,7
josephus,7
syllabus,7
marc-goodacre,7
death-of-jesus,7
persecution,7
apocalypse,7
eusebius,7
old-testament,7
new-testament-manuscripts,7
apocrypha,7
peter,7
debates,7
son-of-god,7
pseudepigraphy,7
did-jesus-exist,7
sbl,7
mary,6
teaching,6
pseudepigrapha,6
ancient-literacy,6
dinesh-dsouza,6
source-criticism,6
genealogy,6
apocryphal-gospels,6
son-of-man,6
critical-biblical-scholarship,6
atonement,6
aramaic,6
james,6
documentary-hypothesis,6
birth-of-jesus,6
original-text-of-the-nt,6
barnabas,6
mummy-masks,6
2-thessalonians,6
didymus-the-blind,6
hallucinations,5
ethics,5
introduction-to-the-new-testament,5
bart-ehrman,5
hades,5
da-vinci-code,5
synoptic-gospels,5
essenes,5
sheol,5
daniel,5
maccabees,5
religious-studies,5
prophets,5
infancy-narratives,5
death,5
group-visions,5
textus-receptus,5
jeff-siker,5
infancy-gospel-of-thomas,5
newsweek,5
king-of-the-jews,5
oral-tradition,5
publishing-a-book,5
imperial-cult,5
teaching-christianity,5
judaism,5
galatians,5
rodney-stark,5
memory-studies,5
marriage,5
orthodox-corruption-of-scripture,5
walter-bauer,5
early-christian-diversity,5
nag-hammadi-library,5
gematria,5
larry-hurtado,5
bill-oreilly,5
angels,5
academic-journals,4
editorial-boards,4
biblical-interpretation,4
forgeries,4
secretaries,4
fulfillment-citations,4
agnostic,4
ripley-center,4
smithsonian-associates,4
mary-magdalene,4
