category,count
public-forum,1743
canonical-gospels,689
historical-jesus,668
book-discussions,617
reflections-ruminations,599
readers-questions,577
paul-and-his-letters,387
new-testament-manuscripts,372
history-of-christianity-100-300ce,284
hebrew-bible-old-testament,262
early-christian-apocrypha,229
barts-biography,218
history-of-biblical-scholarship,165
early-christian-doctrine,153
early-christian-writings,148
afterlife,143
teaching-christianity,135
barts-critics,135
heresy-and-orthodoxy,132
early-judaism,129
forgery-in-antiquity,122
barts-debates,108
video-media,108
greco-roman-religions-and-culture,107
revelation-of-john,82
catholic-epistles,80
acts-of-the-apostles,70
spread-christianity,68
memory-studies,68
religion-in-the-news,64
women-in-early-christianity,61
mythicism,59
proto-orthodox-writers,53
fourth-century-christianity,52
sex-and-sexuality-in-bible,30
constantine,28
jews-and-christians-in-antiquity,22
jesus-and-film,18
platinums,10
christianity-in-classroom,5
recent-comments,3
